id1,id2,label
AdvancedBasicsgirl,FerociousFrancisGehaney,1
AdvancedBasicsgirl,PatMontesian,1
AlfonsoPariasCarbo,BruceGreen,1
AlfonsoPariasCarbo,BurtFSmith,1
AlfonsoPariasCarbo,ChandlerFoss,1
AlfonsoPariasCarbo,CharlotteTreat,1
AlfonsoPariasCarbo,ClenetteHenderson,1
AlfonsoPariasCarbo,EmilMinty,1
AlfonsoPariasCarbo,FerociousFrancisGehaney,1
AlfonsoPariasCarbo,JenniferBelbin,1
AlfonsoPariasCarbo,JoellevanDyne,1
AlfonsoPariasCarbo,KateGompert,1
AlfonsoPariasCarbo,NellGunther,1
AlfonsoPariasCarbo,PatMontesian,1
AlfonsoPariasCarbo,RandyLenz,1
AlfonsoPariasCarbo,TinyEwell,1
AlfonsoPariasCarbo,WadeMcDade,1
AnnKittenplan,AubreydeLint,1
AnnKittenplan,AvrilMondraganIncandenza,6
AnnKittenplan,BernadetteLongley,1
AnnKittenplan,BridgetBoone,1
AnnKittenplan,CharlesTavis,5
AnnKittenplan,DoloresRusk,2
AnnKittenplan,EvanIngersoll,3
AnnKittenplan,GerhardtSchtitt,1
AnnKittenplan,HalIncandenza,14
AnnKittenplan,IdrisArslanian,1
AnnKittenplan,JimTroeltsch,2
AnnKittenplan,JoshGopnik,2
AnnKittenplan,KentBlott,2
AnnKittenplan,KieranMcKenna,1
AnnKittenplan,LaMontChu,7
AnnKittenplan,LateralAliceMoore,4
AnnKittenplan,MarioIncandenza,1
AnnKittenplan,MaryEstherThode,2
AnnKittenplan,MichaelPemulis,5
AnnKittenplan,OtisPLord,4
AnnKittenplan,RikDunkel,1
AnnKittenplan,SleepyTPTimmyPeterson,1
AnnKittenplan,TedSchacht,1
AnnKittenplan,ThierryPoutrincourt,1
AnnKittenplan,TinaEcht,2
AnnKittenplan,ToddPossalthwaite,3
AnnKittenplan,TrevorAxford,4
AubreydeLint,AvrilMondraganIncandenza,2
AubreydeLint,CharlesTavis,3
AubreydeLint,DonGately,1
AubreydeLint,GerhardtSchtitt,2
AubreydeLint,HalIncandenza,10
AubreydeLint,JimTroeltsch,1
AubreydeLint,KateGompert,2
AubreydeLint,KentBlott,1
AubreydeLint,LaMontChu,1
AubreydeLint,MarioIncandenza,2
AubreydeLint,MaryEstherThode,5
AubreydeLint,OrthoStice,1
AubreydeLint,PatMontesian,1
AubreydeLint,SharynVaught,1
AubreydeLint,TedSchacht,2
AubreydeLint,ThierryPoutrincourt,2
AubreydeLint,ToddPossalthwaite,1
AubreydeLint,TonyNwangi,1
AvrilMondraganIncandenza,BarryLoach,1
AvrilMondraganIncandenza,BernadetteLongley,2
AvrilMondraganIncandenza,BridgetBoone,3
AvrilMondraganIncandenza,BruceGreen,2
AvrilMondraganIncandenza,CharlesTavis,16
AvrilMondraganIncandenza,CharlotteTreat,3
AvrilMondraganIncandenza,DaveHarde,1
AvrilMondraganIncandenza,DisneyRLeith,1
AvrilMondraganIncandenza,DoloresRusk,5
AvrilMondraganIncandenza,DonGately,4
AvrilMondraganIncandenza,DuncanvanSlack,1
AvrilMondraganIncandenza,EliotKornspan,1
AvrilMondraganIncandenza,GerhardtSchtitt,5
AvrilMondraganIncandenza,HalIncandenza,47
AvrilMondraganIncandenza,HughHelenSteeply,1
AvrilMondraganIncandenza,IdrisArslanian,1
AvrilMondraganIncandenza,JamesOrinIncandenza,1
AvrilMondraganIncandenza,JamesStruck,1
AvrilMondraganIncandenza,JimTroeltsch,4
AvrilMondraganIncandenza,JoellevanDyne,2
AvrilMondraganIncandenza,JoeLonvanDyne,1
AvrilMondraganIncandenza,JoshGopnik,1
AvrilMondraganIncandenza,KateGompert,2
AvrilMondraganIncandenza,KeithFreer,3
AvrilMondraganIncandenza,KentBlott,2
AvrilMondraganIncandenza,KyleDCoyle,1
AvrilMondraganIncandenza,LaMontChu,4
AvrilMondraganIncandenza,LateralAliceMoore,9
AvrilMondraganIncandenza,Lyle,7
AvrilMondraganIncandenza,MarioIncandenza,6
AvrilMondraganIncandenza,MarlonBain,3
AvrilMondraganIncandenza,MaryEstherThode,3
AvrilMondraganIncandenza,MFortier,1
AvrilMondraganIncandenza,MichaelPemulis,10
AvrilMondraganIncandenza,OrinIncandenza,7
AvrilMondraganIncandenza,OrthoStice,3
AvrilMondraganIncandenza,PetropolisKahn,1
AvrilMondraganIncandenza,PoorTonyKrause,1
AvrilMondraganIncandenza,PTomVeals,1
AvrilMondraganIncandenza,RémyMarathe,1
AvrilMondraganIncandenza,RikDunkel,2
AvrilMondraganIncandenza,SharynVaught,1
AvrilMondraganIncandenza,SleepyTPTimmyPeterson,1
AvrilMondraganIncandenza,TallPaulShaw,2
AvrilMondraganIncandenza,TedSchacht,3
AvrilMondraganIncandenza,TinaEcht,4
AvrilMondraganIncandenza,ToddPossalthwaite,2
AvrilMondraganIncandenza,TrevorAxford,4
AvrilMondraganIncandenza,USSMillicentKent,1
BarryLoach,BernadetteLongley,1
BarryLoach,CharlesTavis,2
BarryLoach,CosgroveWatt,1
BarryLoach,DonGately,1
BarryLoach,DuncanvanSlack,1
BarryLoach,EliotKornspan,1
BarryLoach,GerhardtSchtitt,1
BarryLoach,HalIncandenza,5
BarryLoach,IdrisArslanian,1
BarryLoach,JimTroeltsch,1
BarryLoach,JoshGopnik,1
BarryLoach,KeithFreer,2
BarryLoach,KevinBain,1
BarryLoach,Lyle,2
BarryLoach,MarioIncandenza,2
BarryLoach,MaryEstherThode,2
BarryLoach,MichaelPemulis,2
BarryLoach,OrinIncandenza,1
BarryLoach,OrthoStice,1
BarryLoach,RikDunkel,1
BarryLoach,TallPaulShaw,2
BarryLoach,TedSchacht,1
BarryLoach,TinaEcht,1
BarryLoach,USSMillicentKent,1
BernadetteLongley,BridgetBoone,2
BernadetteLongley,CharlesTavis,2
BernadetteLongley,DisneyRLeith,1
BernadetteLongley,DoloresRusk,1
BernadetteLongley,HalIncandenza,6
BernadetteLongley,IdrisArslanian,1
BernadetteLongley,JamesStruck,1
BernadetteLongley,JimTroeltsch,3
BernadetteLongley,KeithFreer,1
BernadetteLongley,KentBlott,1
BernadetteLongley,KyleDCoyle,1
BernadetteLongley,LaMontChu,1
BernadetteLongley,Lyle,1
BernadetteLongley,MarioIncandenza,1
BernadetteLongley,MaryEstherThode,2
BernadetteLongley,MichaelPemulis,3
BernadetteLongley,RikDunkel,1
BernadetteLongley,TallPaulShaw,2
BernadetteLongley,TedSchacht,1
BernadetteLongley,TrevorAxford,1
BertraundAntitoi,BridgetTenderhole,1
BertraundAntitoi,ChandlerFoss,1
BertraundAntitoi,GeoffreyDay,1
BertraundAntitoi,GuillaumeDuPlessis,1
BertraundAntitoi,KateGompert,1
BertraundAntitoi,KenErdedy,1
BertraundAntitoi,Lolasister,1
BertraundAntitoi,LucienAntitoi,1
BertraundAntitoi,MattyPemulis,1
BertraundAntitoi,PoorTonyKrause,1
BertraundAntitoi,SusanTCheese,1
BertraundAntitoi,TinyEwell,1
BobbyC,PamelaHoffmanJeep,3
BobbyC,PoorTonyKrause,1
BobbyC,WhiteySorkin,3
BridgetBoone,HalIncandenza,8
BridgetBoone,IdrisArslanian,2
BridgetBoone,JimTroeltsch,2
BridgetBoone,KateGompert,1
BridgetBoone,KentBlott,2
BridgetBoone,Lyle,3
BridgetBoone,MichaelPemulis,4
BridgetBoone,RuthvanCleve,1
BridgetBoone,ThierryPoutrincourt,1
BridgetBoone,ToddPossalthwaite,1
BridgetBoone,USSMillicentKent,1
BridgetTenderhole,ChandlerFoss,1
BridgetTenderhole,GeoffreyDay,1
BridgetTenderhole,KateGompert,1
BridgetTenderhole,KenErdedy,1
BridgetTenderhole,Lolasister,2
BridgetTenderhole,MattyPemulis,1
BridgetTenderhole,PoorTonyKrause,2
BridgetTenderhole,StokelyDarkstarMcNair,1
BridgetTenderhole,SusanTCheese,1
BridgetTenderhole,TinyEwell,1
BruceGreen,BurtFSmith,3
BruceGreen,CalvinThrust,3
BruceGreen,ChandlerFoss,4
BruceGreen,CharlesTavis,1
BruceGreen,CharlotteTreat,6
BruceGreen,ClenetteHenderson,1
BruceGreen,DonGately,4
BruceGreen,EmilMinty,6
BruceGreen,FerociousFrancisGehaney,1
BruceGreen,GavinDiehl,2
BruceGreen,GeoffreyDay,3
BruceGreen,GlennK,1
BruceGreen,HalIncandenza,6
BruceGreen,HarrietBonkGreen,1
BruceGreen,HughHelenSteeply,1
BruceGreen,IdrisArslanian,1
BruceGreen,JenniferBelbin,1
BruceGreen,JimTroeltsch,1
BruceGreen,JoellevanDyne,3
BruceGreen,JohnetteFoltz,3
BruceGreen,KateGompert,4
BruceGreen,KenErdedy,5
BruceGreen,Lyle,1
BruceGreen,MichaelPemulis,1
BruceGreen,MildredBonk,3
BruceGreen,MollyNotkin,1
BruceGreen,MrGreen,3
BruceGreen,MrsGreen,1
BruceGreen,NellGunther,5
BruceGreen,PatMontesian,2
BruceGreen,RandyLenz,8
BruceGreen,RoyTony,1
BruceGreen,TinyEwell,3
BruceGreen,TommyDoocey,1
BruceGreen,WadeMcDade,3
BurtFSmith,CalvinThrust,1
BurtFSmith,ChandlerFoss,1
BurtFSmith,CharlotteTreat,2
BurtFSmith,ClenetteHenderson,1
BurtFSmith,DonGately,1
BurtFSmith,EmilMinty,3
BurtFSmith,FerociousFrancisGehaney,1
BurtFSmith,GavinDiehl,1
BurtFSmith,GeoffreyDay,2
BurtFSmith,HughHelenSteeply,1
BurtFSmith,JenniferBelbin,1
BurtFSmith,JoellevanDyne,2
BurtFSmith,JohnetteFoltz,1
BurtFSmith,KateGompert,1
BurtFSmith,NellGunther,2
BurtFSmith,PatMontesian,1
BurtFSmith,RandyLenz,4
BurtFSmith,TinyEwell,2
BurtFSmith,WadeMcDade,3
CalvinThrust,ChandlerFoss,1
CalvinThrust,CharlotteTreat,2
CalvinThrust,DonGately,4
CalvinThrust,EmilMinty,1
CalvinThrust,FerociousFrancisGehaney,2
CalvinThrust,GeoffreyDay,1
CalvinThrust,HalIncandenza,2
CalvinThrust,HughHelenSteeply,1
CalvinThrust,JenniferBelbin,1
CalvinThrust,JoellevanDyne,2
CalvinThrust,JohnetteFoltz,1
CalvinThrust,KateGompert,1
CalvinThrust,KenErdedy,2
CalvinThrust,MarlonBain,1
CalvinThrust,NellGunther,1
CalvinThrust,OrthoStice,1
CalvinThrust,PatMontesian,3
CalvinThrust,RandyLenz,3
CalvinThrust,TedSchacht,1
CalvinThrust,TinyEwell,1
ChandlerFoss,CharlotteTreat,3
ChandlerFoss,ClenetteHenderson,1
ChandlerFoss,DonGately,3
ChandlerFoss,EmilMinty,5
ChandlerFoss,GavinDiehl,1
ChandlerFoss,GeoffreyDay,1
ChandlerFoss,HalIncandenza,1
ChandlerFoss,JenniferBelbin,2
ChandlerFoss,JoellevanDyne,1
ChandlerFoss,JohnetteFoltz,1
ChandlerFoss,KateGompert,5
ChandlerFoss,KenErdedy,2
ChandlerFoss,Lolasister,1
ChandlerFoss,MarlonBain,1
ChandlerFoss,MattyPemulis,1
ChandlerFoss,MBroullîme,1
ChandlerFoss,MFortier,1
ChandlerFoss,NellGunther,3
ChandlerFoss,OrthoStice,1
ChandlerFoss,PatMontesian,2
ChandlerFoss,PoorTonyKrause,1
ChandlerFoss,RandyLenz,1
ChandlerFoss,RuthvanCleve,1
ChandlerFoss,SusanTCheese,1
ChandlerFoss,TedSchacht,1
ChandlerFoss,TinyEwell,3
ChandlerFoss,WadeMcDade,4
CharlesTavis,CharlotteTreat,1
CharlesTavis,DaveHarde,1
CharlesTavis,DoloresRusk,4
CharlesTavis,DonGately,4
CharlesTavis,EvanIngersoll,1
CharlesTavis,GerhardtSchtitt,3
CharlesTavis,HalIncandenza,29
CharlesTavis,HughHelenSteeply,1
CharlesTavis,IdrisArslanian,1
CharlesTavis,JamesIncandenzaSr,1
CharlesTavis,JamesOrinIncandenza,1
CharlesTavis,JamesStruck,1
CharlesTavis,JimTroeltsch,2
CharlesTavis,KeithFreer,2
CharlesTavis,KentBlott,2
CharlesTavis,KyleDCoyle,1
CharlesTavis,LateralAliceMoore,7
CharlesTavis,Lyle,1
CharlesTavis,MarioIncandenza,4
CharlesTavis,MarlonBain,1
CharlesTavis,MaryEstherThode,2
CharlesTavis,MichaelPemulis,6
CharlesTavis,OrinIncandenza,3
CharlesTavis,OrthoStice,3
CharlesTavis,OtisPLord,2
CharlesTavis,PoorTonyKrause,1
CharlesTavis,RémyMarathe,1
CharlesTavis,RikDunkel,1
CharlesTavis,TallPaulShaw,2
CharlesTavis,TedSchacht,3
CharlesTavis,TinaEcht,3
CharlesTavis,ToddPossalthwaite,2
CharlesTavis,TonyNwangi,2
CharlesTavis,TrevorAxford,4
CharlesTavis,USSMillicentKent,1
CharlesTavis,ZoltanCsikzentmihalyi,1
CharlotteTreat,ClenetteHenderson,1
CharlotteTreat,DonGately,7
CharlotteTreat,EmilMinty,5
CharlotteTreat,FerociousFrancisGehaney,1
CharlotteTreat,GeoffreyDay,4
CharlotteTreat,HalIncandenza,4
CharlotteTreat,HughHelenSteeply,1
CharlotteTreat,IdrisArslanian,1
CharlotteTreat,JenniferBelbin,2
CharlotteTreat,JoellevanDyne,2
CharlotteTreat,JohnetteFoltz,3
CharlotteTreat,KateGompert,4
CharlotteTreat,KenErdedy,3
CharlotteTreat,Lyle,1
CharlotteTreat,MBroullîme,1
CharlotteTreat,MFortier,2
CharlotteTreat,MollyNotkin,1
CharlotteTreat,NellGunther,4
CharlotteTreat,OrinIncandenza,2
CharlotteTreat,PatMontesian,4
CharlotteTreat,RandyLenz,7
CharlotteTreat,TinyEwell,2
CharlotteTreat,WadeMcDade,3
ClenetteHenderson,DonGately,1
ClenetteHenderson,EmilMinty,1
ClenetteHenderson,GeoffreyDay,1
ClenetteHenderson,JenniferBelbin,1
ClenetteHenderson,JoellevanDyne,1
ClenetteHenderson,KateGompert,1
ClenetteHenderson,NellGunther,2
ClenetteHenderson,PatMontesian,1
ClenetteHenderson,RandyLenz,2
ClenetteHenderson,TinyEwell,1
ClenetteHenderson,WadeMcDade,1
CosgroveWatt,Dymphna,1
CosgroveWatt,GerhardtSchtitt,1
CosgroveWatt,HalIncandenza,2
CosgroveWatt,JimTroeltsch,1
CosgroveWatt,MarioIncandenza,1
CosgroveWatt,MarlonBain,2
CosgroveWatt,OttoBrandt,1
CosgroveWatt,PetropolisKahn,1
CosgroveWatt,TrevorAxford,1
DaveHarde,DoloresRusk,1
DaveHarde,HalIncandenza,1
DaveHarde,JimTroeltsch,1
DaveHarde,LateralAliceMoore,2
DaveHarde,MichaelPemulis,1
DisneyRLeith,HalIncandenza,3
DisneyRLeith,JimTroeltsch,1
DisneyRLeith,MarioIncandenza,1
DisneyRLeith,MaryEstherThode,1
DisneyRLeith,MichaelPemulis,1
DisneyRLeith,OrthoStice,1
DisneyRLeith,RikDunkel,1
DoloresRusk,DonGately,1
DoloresRusk,HalIncandenza,8
DoloresRusk,HughHelenSteeply,1
DoloresRusk,IdrisArslanian,1
DoloresRusk,JamesStruck,1
DoloresRusk,JimTroeltsch,1
DoloresRusk,KeithFreer,1
DoloresRusk,KyleDCoyle,1
DoloresRusk,LateralAliceMoore,5
DoloresRusk,Lyle,2
DoloresRusk,MarioIncandenza,2
DoloresRusk,MFortier,1
DoloresRusk,MichaelPemulis,4
DoloresRusk,OrthoStice,1
DoloresRusk,OtisPLord,1
DoloresRusk,TallPaulShaw,1
DoloresRusk,TedSchacht,1
DoloresRusk,TinaEcht,1
DoloresRusk,TonyNwangi,1
DoloresRusk,TrevorAxford,3
DonGately,EliotKornspan,1
DonGately,EmilMinty,3
DonGately,FerociousFrancisGehaney,3
DonGately,GavinDiehl,1
DonGately,GeoffreyDay,4
DonGately,GuillaumeDuPlessis,1
DonGately,GuyWhoDidn'tEvenUseHisFirstName,1
DonGately,HalIncandenza,11
DonGately,HughHelenSteeply,2
DonGately,JenniferBelbin,2
DonGately,JimTroeltsch,1
DonGately,JoellevanDyne,4
DonGately,JohnetteFoltz,2
DonGately,KateGompert,3
DonGately,KenErdedy,3
DonGately,LaMontChu,1
DonGately,LateralAliceMoore,2
DonGately,Lyle,3
DonGately,MarioIncandenza,2
DonGately,MBroullîme,2
DonGately,MFortier,1
DonGately,MichaelPemulis,3
DonGately,NellGunther,4
DonGately,OrinIncandenza,3
DonGately,OtisPLord,1
DonGately,PatMontesian,7
DonGately,PoorTonyKrause,1
DonGately,RandyLenz,5
DonGately,RémyMarathe,2
DonGately,SixtiesBob,1
DonGately,StavrosLobokulas,1
DonGately,TedSchacht,1
DonGately,TinyEwell,3
DonGately,ToddPossalthwaite,1
DonGately,WadeMcDade,3
DonGately,WhiteySorkin,1
DrWo,Lolasister,1
DrWo,PamelaHoffmanJeep,1
DrWo,SixtiesBob,1
DrWo,StokelyDarkstarMcNair,1
DrWo,SusanTCheese,1
DrWo,WhiteySorkin,1
DuncanvanSlack,GerhardtSchtitt,1
DuncanvanSlack,HalIncandenza,1
DuncanvanSlack,IdrisArslanian,1
DuncanvanSlack,JoshGopnik,1
DuncanvanSlack,KeithFreer,2
DuncanvanSlack,MaryEstherThode,1
DuncanvanSlack,OrthoStice,1
DuncanvanSlack,RikDunkel,1
DuncanvanSlack,TallPaulShaw,1
DuncanvanSlack,TinaEcht,1
DuncanvanSlack,USSMillicentKent,1
Dymphna,IdrisArslanian,1
Dymphna,Lyle,1
Dymphna,PetropolisKahn,1
Dymphna,TedSchacht,1
EliotKornspan,HalIncandenza,3
EliotKornspan,JimTroeltsch,1
EliotKornspan,Lyle,1
EliotKornspan,MichaelPemulis,2
EliotKornspan,OrthoStice,1
EliotKornspan,OtisPLord,1
EliotKornspan,PetropolisKahn,1
EliotKornspan,TallPaulShaw,1
EliotKornspan,TedSchacht,1
EliotKornspan,TrevorAxford,1
EmilMinty,FerociousFrancisGehaney,1
EmilMinty,GavinDiehl,2
EmilMinty,GeoffreyDay,2
EmilMinty,HalIncandenza,1
EmilMinty,HughHelenSteeply,1
EmilMinty,JenniferBelbin,2
EmilMinty,JoellevanDyne,1
EmilMinty,JohnetteFoltz,3
EmilMinty,KateGompert,4
EmilMinty,KenErdedy,3
EmilMinty,NellGunther,4
EmilMinty,PatMontesian,3
EmilMinty,RandyLenz,4
EmilMinty,RuthvanCleve,1
EmilMinty,TinyEwell,2
EmilMinty,WadeMcDade,4
EvanIngersoll,HalIncandenza,11
EvanIngersoll,IdrisArslanian,3
EvanIngersoll,JimTroeltsch,2
EvanIngersoll,JoshGopnik,3
EvanIngersoll,KentBlott,1
EvanIngersoll,KieranMcKenna,1
EvanIngersoll,LaMontChu,4
EvanIngersoll,MaryEstherThode,1
EvanIngersoll,OtisPLord,1
EvanIngersoll,SleepyTPTimmyPeterson,1
EvanIngersoll,TallPaulShaw,2
EvanIngersoll,TedSchacht,1
EvanIngersoll,ToddPossalthwaite,1
EvanIngersoll,TonyNwangi,2
EvanIngersoll,TrevorAxford,3
EvanIngersoll,ZoltanCsikzentmihalyi,1
FerociousFrancisGehaney,GeoffreyDay,2
FerociousFrancisGehaney,GlennK,3
FerociousFrancisGehaney,HughHelenSteeply,1
FerociousFrancisGehaney,JohnetteFoltz,1
FerociousFrancisGehaney,KateGompert,1
FerociousFrancisGehaney,KenErdedy,2
FerociousFrancisGehaney,MBroullîme,1
FerociousFrancisGehaney,MFortier,1
FerociousFrancisGehaney,MollyNotkin,1
FerociousFrancisGehaney,PamelaHoffmanJeep,1
FerociousFrancisGehaney,PatMontesian,4
FerociousFrancisGehaney,RandyLenz,2
FerociousFrancisGehaney,RémyMarathe,1
FerociousFrancisGehaney,RobertFBobDeath,1
FerociousFrancisGehaney,TinyEwell,1
FerociousFrancisGehaney,WadeMcDade,1
GavinDiehl,GeoffreyDay,1
GavinDiehl,KenErdedy,1
GavinDiehl,NellGunther,2
GavinDiehl,WadeMcDade,1
GeoffreyDay,HalIncandenza,1
GeoffreyDay,HughHelenSteeply,1
GeoffreyDay,JenniferBelbin,2
GeoffreyDay,JohnetteFoltz,4
GeoffreyDay,KateGompert,2
GeoffreyDay,KenErdedy,4
GeoffreyDay,Lolasister,1
GeoffreyDay,MattyPemulis,1
GeoffreyDay,NellGunther,4
GeoffreyDay,PatMontesian,3
GeoffreyDay,PoorTonyKrause,1
GeoffreyDay,RandyLenz,5
GeoffreyDay,SusanTCheese,1
GeoffreyDay,TinyEwell,3
GeoffreyDay,WadeMcDade,1
GerhardtSchtitt,HalIncandenza,5
GerhardtSchtitt,IdrisArslanian,1
GerhardtSchtitt,JoshGopnik,1
GerhardtSchtitt,KateGompert,1
GerhardtSchtitt,KeithFreer,1
GerhardtSchtitt,LateralAliceMoore,2
GerhardtSchtitt,Lyle,1
GerhardtSchtitt,MarioIncandenza,3
GerhardtSchtitt,MaryEstherThode,2
GerhardtSchtitt,MichaelPemulis,2
GerhardtSchtitt,OrinIncandenza,1
GerhardtSchtitt,OrthoStice,1
GerhardtSchtitt,OttoBrandt,1
GerhardtSchtitt,RikDunkel,1
GerhardtSchtitt,TallPaulShaw,1
GerhardtSchtitt,TinaEcht,1
GerhardtSchtitt,USSMillicentKent,1
GlennK,MBroullîme,1
GlennK,MFortier,1
GlennK,MollyNotkin,1
GlennK,PatMontesian,1
GlennK,RémyMarathe,1
GlennK,RobertFBobDeath,1
GuillaumeDuPlessis,JimTroeltsch,1
GuillaumeDuPlessis,LucienAntitoi,1
GuillaumeDuPlessis,TedSchacht,1
GuyWhoDidn'tEvenUseHisFirstName,HalIncandenza,1
HalIncandenza,HughHelenSteeply,4
HalIncandenza,IdrisArslanian,8
HalIncandenza,JamesIncandenzaSr,1
HalIncandenza,JamesStruck,1
HalIncandenza,JimTroeltsch,13
HalIncandenza,JoellevanDyne,4
HalIncandenza,JoshGopnik,6
HalIncandenza,KateGompert,6
HalIncandenza,KeithFreer,11
HalIncandenza,KenErdedy,1
HalIncandenza,KentBlott,9
HalIncandenza,KevinBain,4
HalIncandenza,KieranMcKenna,4
HalIncandenza,KyleDCoyle,1
HalIncandenza,LaMontChu,15
HalIncandenza,LateralAliceMoore,13
HalIncandenza,Lyle,18
HalIncandenza,MarioIncandenza,16
HalIncandenza,MarlonBain,8
HalIncandenza,MaryEstherThode,7
HalIncandenza,MBroullîme,1
HalIncandenza,MFortier,2
HalIncandenza,MichaelPemulis,29
HalIncandenza,OrinIncandenza,9
HalIncandenza,OrthoStice,18
HalIncandenza,OtisPLord,11
HalIncandenza,PatMontesian,4
HalIncandenza,PetropolisKahn,7
HalIncandenza,PoorTonyKrause,2
HalIncandenza,PTomVeals,2
HalIncandenza,RandyLenz,3
HalIncandenza,RémyMarathe,5
HalIncandenza,RikDunkel,5
HalIncandenza,RuthvanCleve,1
HalIncandenza,SharynVaught,1
HalIncandenza,SleepyTPTimmyPeterson,3
HalIncandenza,TallPaulShaw,8
HalIncandenza,TedSchacht,7
HalIncandenza,ThierryPoutrincourt,5
HalIncandenza,TinaEcht,4
HalIncandenza,ToddPossalthwaite,6
HalIncandenza,TonyNwangi,7
HalIncandenza,TrevorAxford,14
HalIncandenza,USSMillicentKent,6
HalIncandenza,WYYYengineer,2
HalIncandenza,ZoltanCsikzentmihalyi,1
HarrietBonkGreen,MildredBonk,1
HarrietBonkGreen,TommyDoocey,1
HughHelenSteeply,IdrisArslanian,1
HughHelenSteeply,KateGompert,2
HughHelenSteeply,KeithFreer,1
HughHelenSteeply,KenErdedy,1
HughHelenSteeply,KentBlott,1
HughHelenSteeply,MFortier,3
HughHelenSteeply,RandyLenz,2
HughHelenSteeply,RodneyTineSr,2
HughHelenSteeply,TinyEwell,1
HughHelenSteeply,TonyNwangi,1
HughHelenSteeply,WadeMcDade,1
IdrisArslanian,JoshGopnik,1
IdrisArslanian,KeithFreer,2
IdrisArslanian,KentBlott,2
IdrisArslanian,Lyle,2
IdrisArslanian,MaryEstherThode,1
IdrisArslanian,MFortier,1
IdrisArslanian,OrthoStice,1
IdrisArslanian,RikDunkel,1
IdrisArslanian,TallPaulShaw,1
IdrisArslanian,TedSchacht,2
IdrisArslanian,ThierryPoutrincourt,1
IdrisArslanian,TinaEcht,1
IdrisArslanian,ToddPossalthwaite,1
IdrisArslanian,TonyNwangi,2
IdrisArslanian,TrevorAxford,1
IdrisArslanian,USSMillicentKent,1
IdrisArslanian,ZoltanCsikzentmihalyi,1
JamesStruck,JimTroeltsch,1
JamesStruck,KyleDCoyle,1
JamesStruck,MichaelPemulis,1
JamesStruck,TallPaulShaw,1
JamesStruck,TedSchacht,1
JamesStruck,TrevorAxford,1
JenniferBelbin,JoellevanDyne,1
JenniferBelbin,JohnetteFoltz,2
JenniferBelbin,KateGompert,2
JenniferBelbin,KenErdedy,1
JenniferBelbin,NellGunther,2
JenniferBelbin,PatMontesian,2
JenniferBelbin,RandyLenz,3
JenniferBelbin,RuthvanCleve,1
JenniferBelbin,TinyEwell,2
JenniferBelbin,WadeMcDade,1
JimTroeltsch,JoshGopnik,1
JimTroeltsch,KeithFreer,3
JimTroeltsch,KieranMcKenna,1
JimTroeltsch,KyleDCoyle,1
JimTroeltsch,LaMontChu,2
JimTroeltsch,LateralAliceMoore,3
JimTroeltsch,Lyle,2
JimTroeltsch,MarioIncandenza,1
JimTroeltsch,MaryEstherThode,2
JimTroeltsch,MichaelPemulis,7
JimTroeltsch,OrthoStice,2
JimTroeltsch,OtisPLord,2
JimTroeltsch,PetropolisKahn,1
JimTroeltsch,SleepyTPTimmyPeterson,1
JimTroeltsch,TallPaulShaw,3
JimTroeltsch,TedSchacht,3
JimTroeltsch,ToddPossalthwaite,1
JimTroeltsch,TonyNwangi,1
JimTroeltsch,TrevorAxford,5
JoellevanDyne,JoeLonvanDyne,1
JoellevanDyne,KateGompert,2
JoellevanDyne,LadyDelphina,1
JoellevanDyne,Lyle,1
JoellevanDyne,MarlonBain,1
JoellevanDyne,MichaelPemulis,1
JoellevanDyne,MollyNotkin,3
JoellevanDyne,NellGunther,1
JoellevanDyne,OrinIncandenza,3
JoellevanDyne,PamelaHoffmanJeep,1
JoellevanDyne,PatMontesian,3
JoellevanDyne,RandyLenz,2
JoellevanDyne,TinyEwell,1
JoellevanDyne,WadeMcDade,1
JoeLonvanDyne,MarlonBain,1
JohnetteFoltz,KateGompert,5
JohnetteFoltz,KenErdedy,4
JohnetteFoltz,NellGunther,2
JohnetteFoltz,PatMontesian,2
JohnetteFoltz,RandyLenz,3
JohnetteFoltz,RoyTony,1
JohnetteFoltz,RuthvanCleve,1
JohnetteFoltz,StavrosLobokulas,1
JohnetteFoltz,TinyEwell,1
JoshGopnik,KeithFreer,1
JoshGopnik,KentBlott,2
JoshGopnik,KieranMcKenna,3
JoshGopnik,LaMontChu,3
JoshGopnik,MaryEstherThode,2
JoshGopnik,OrinIncandenza,1
JoshGopnik,OrthoStice,2
JoshGopnik,OtisPLord,1
JoshGopnik,RikDunkel,1
JoshGopnik,SleepyTPTimmyPeterson,2
JoshGopnik,TallPaulShaw,1
JoshGopnik,TinaEcht,1
JoshGopnik,ToddPossalthwaite,1
JoshGopnik,TrevorAxford,1
JoshGopnik,USSMillicentKent,1
KateGompert,KenErdedy,5
KateGompert,KentBlott,1
KateGompert,LaMontChu,1
KateGompert,Lolasister,1
KateGompert,Lyle,1
KateGompert,MarioIncandenza,1
KateGompert,MaryEstherThode,2
KateGompert,MattyPemulis,1
KateGompert,MBroullîme,1
KateGompert,MFortier,2
KateGompert,MichaelPemulis,1
KateGompert,NellGunther,2
KateGompert,OrinIncandenza,1
KateGompert,OrthoStice,1
KateGompert,PatMontesian,2
KateGompert,PoorTonyKrause,2
KateGompert,RandyLenz,4
KateGompert,RoyTony,1
KateGompert,RuthvanCleve,4
KateGompert,SusanTCheese,1
KateGompert,ThierryPoutrincourt,1
KateGompert,TinyEwell,4
KateGompert,WadeMcDade,3
KeithFreer,LateralAliceMoore,1
KeithFreer,MarioIncandenza,1
KeithFreer,MaryEstherThode,2
KeithFreer,MFortier,1
KeithFreer,MichaelPemulis,2
KeithFreer,OrthoStice,3
KeithFreer,PetropolisKahn,1
KeithFreer,RikDunkel,1
KeithFreer,TallPaulShaw,2
KeithFreer,TinaEcht,1
KeithFreer,ToddPossalthwaite,1
KeithFreer,TonyNwangi,2
KeithFreer,TrevorAxford,1
KeithFreer,USSMillicentKent,2
KeithFreer,WYYYengineer,1
KenErdedy,Lolasister,1
KenErdedy,MattyPemulis,1
KenErdedy,NellGunther,4
KenErdedy,PatMontesian,3
KenErdedy,PoorTonyKrause,1
KenErdedy,RandyLenz,4
KenErdedy,SusanTCheese,1
KenErdedy,TinyEwell,2
KenErdedy,WadeMcDade,1
KentBlott,KieranMcKenna,2
KentBlott,LaMontChu,3
KentBlott,Lyle,3
KentBlott,MichaelPemulis,1
KentBlott,OrinIncandenza,1
KentBlott,PetropolisKahn,1
KentBlott,RuthvanCleve,1
KentBlott,SleepyTPTimmyPeterson,2
KentBlott,TedSchacht,1
KentBlott,ToddPossalthwaite,1
KentBlott,TonyNwangi,1
KentBlott,TrevorAxford,1
KentBlott,ZoltanCsikzentmihalyi,1
KevinBain,Lyle,1
KevinBain,MarlonBain,3
KieranMcKenna,LaMontChu,3
KieranMcKenna,Lyle,1
KieranMcKenna,OrinIncandenza,1
KieranMcKenna,OtisPLord,1
KieranMcKenna,SleepyTPTimmyPeterson,2
KieranMcKenna,ToddPossalthwaite,1
KieranMcKenna,TrevorAxford,1
KyleDCoyle,Lyle,1
KyleDCoyle,MichaelPemulis,1
KyleDCoyle,OrthoStice,1
KyleDCoyle,TallPaulShaw,1
KyleDCoyle,TedSchacht,1
KyleDCoyle,TrevorAxford,1
LadyDelphina,MollyNotkin,1
LaMontChu,LateralAliceMoore,2
LaMontChu,Lyle,5
LaMontChu,MaryEstherThode,1
LaMontChu,MichaelPemulis,1
LaMontChu,OrinIncandenza,1
LaMontChu,OrthoStice,1
LaMontChu,OtisPLord,6
LaMontChu,PatMontesian,1
LaMontChu,PetropolisKahn,2
LaMontChu,SleepyTPTimmyPeterson,3
LaMontChu,TallPaulShaw,1
LaMontChu,TedSchacht,1
LaMontChu,ToddPossalthwaite,2
LaMontChu,TrevorAxford,3
LateralAliceMoore,Lyle,2
LateralAliceMoore,MarioIncandenza,2
LateralAliceMoore,MarlonBain,1
LateralAliceMoore,MichaelPemulis,6
LateralAliceMoore,OrinIncandenza,1
LateralAliceMoore,OtisPLord,3
LateralAliceMoore,RémyMarathe,1
LateralAliceMoore,TedSchacht,1
LateralAliceMoore,TinaEcht,2
LateralAliceMoore,ToddPossalthwaite,2
LateralAliceMoore,TrevorAxford,3
Lolasister,MattyPemulis,1
Lolasister,PoorTonyKrause,2
Lolasister,RoyTony,1
Lolasister,StokelyDarkstarMcNair,2
Lolasister,SusanTCheese,3
Lolasister,TinyEwell,1
Lyle,MarioIncandenza,4
Lyle,MarlonBain,1
Lyle,MaryEstherThode,1
Lyle,MichaelPemulis,4
Lyle,OrinIncandenza,1
Lyle,OrthoStice,2
Lyle,OtisPLord,1
Lyle,PetropolisKahn,2
Lyle,RikDunkel,1
Lyle,RoyTony,1
Lyle,SleepyTPTimmyPeterson,1
Lyle,TedSchacht,1
Lyle,TinyEwell,1
Lyle,TonyNwangi,1
MarioIncandenza,MaryEstherThode,4
MarioIncandenza,MichaelPemulis,6
MarioIncandenza,OrthoStice,2
MarioIncandenza,OtisPLord,1
MarioIncandenza,RikDunkel,1
MarioIncandenza,TallPaulShaw,1
MarioIncandenza,TedSchacht,1
MarioIncandenza,TinaEcht,1
MarioIncandenza,TonyNwangi,1
MarioIncandenza,TrevorAxford,1
MarlonBain,OrinIncandenza,1
MarlonBain,OrthoStice,2
MarlonBain,PatMontesian,1
MarlonBain,TedSchacht,1
MarlonBain,TinaEcht,1
MarlonBain,TrevorAxford,1
MaryEstherThode,MichaelPemulis,1
MaryEstherThode,OrthoStice,2
MaryEstherThode,RikDunkel,3
MaryEstherThode,TallPaulShaw,2
MaryEstherThode,TedSchacht,1
MaryEstherThode,ThierryPoutrincourt,1
MaryEstherThode,TinaEcht,2
MaryEstherThode,TonyNwangi,1
MaryEstherThode,USSMillicentKent,1
MattyPemulis,PoorTonyKrause,2
MattyPemulis,SusanTCheese,1
MattyPemulis,TinyEwell,1
MBroullîme,MFortier,3
MBroullîme,RémyMarathe,3
MBroullîme,ROssowiecke,1
MBroullîme,WadeMcDade,1
MFortier,PatMontesian,1
MFortier,RémyMarathe,5
MFortier,TonyNwangi,1
MFortier,WadeMcDade,1
MichaelPemulis,OrinIncandenza,1
MichaelPemulis,OrthoStice,2
MichaelPemulis,OtisPLord,5
MichaelPemulis,PetropolisKahn,1
MichaelPemulis,SixtiesBob,1
MichaelPemulis,TallPaulShaw,2
MichaelPemulis,TedSchacht,1
MichaelPemulis,TinaEcht,1
MichaelPemulis,TinyEwell,1
MichaelPemulis,ToddPossalthwaite,1
MichaelPemulis,TrevorAxford,6
MichaelPemulis,USSMillicentKent,1
MichaelPemulis,WhiteySorkin,1
MildredBonk,RandyLenz,1
MildredBonk,RoyTony,1
MildredBonk,TommyDoocey,1
MollyNotkin,OrinIncandenza,2
MrGreen,MrsGreen,1
NellGunther,PatMontesian,1
NellGunther,RandyLenz,4
NellGunther,TinyEwell,2
NellGunther,WadeMcDade,2
OrinIncandenza,OtisPLord,1
OrinIncandenza,PoorTonyKrause,1
OrinIncandenza,PTomVeals,1
OrinIncandenza,RémyMarathe,1
OrinIncandenza,SleepyTPTimmyPeterson,1
OrinIncandenza,ToddPossalthwaite,1
OrthoStice,PatMontesian,1
OrthoStice,PetropolisKahn,3
OrthoStice,RikDunkel,1
OrthoStice,TallPaulShaw,3
OrthoStice,TedSchacht,1
OrthoStice,ThierryPoutrincourt,1
OrthoStice,TinaEcht,1
OrthoStice,TonyNwangi,2
OrthoStice,TrevorAxford,3
OrthoStice,USSMillicentKent,3
OtisPLord,PetropolisKahn,1
OtisPLord,RémyMarathe,1
OtisPLord,RikDunkel,1
OtisPLord,SleepyTPTimmyPeterson,1
OtisPLord,TedSchacht,1
OtisPLord,ToddPossalthwaite,3
OtisPLord,TonyNwangi,1
OtisPLord,TrevorAxford,2
PamelaHoffmanJeep,PatMontesian,1
PamelaHoffmanJeep,SixtiesBob,2
PamelaHoffmanJeep,WhiteySorkin,6
PatMontesian,RandyLenz,4
PatMontesian,StavrosLobokulas,1
PatMontesian,TedSchacht,1
PatMontesian,TinyEwell,3
PatMontesian,WadeMcDade,1
PetropolisKahn,RikDunkel,1
PetropolisKahn,SleepyTPTimmyPeterson,1
PetropolisKahn,TallPaulShaw,2
PetropolisKahn,TonyNwangi,1
PetropolisKahn,TrevorAxford,2
PetropolisKahn,USSMillicentKent,2
PoorTonyKrause,RandyLenz,1
PoorTonyKrause,RuthvanCleve,2
PoorTonyKrause,StokelyDarkstarMcNair,1
PoorTonyKrause,SusanTCheese,1
PoorTonyKrause,TinyEwell,1
PrinceQ,TinyEwell,1
PTomVeals,RémyMarathe,1
RandyLenz,RuthvanCleve,2
RandyLenz,TinyEwell,4
RandyLenz,WadeMcDade,2
RémyMarathe,SleepyTPTimmyPeterson,1
RémyMarathe,ThierryPoutrincourt,2
RémyMarathe,ToddPossalthwaite,1
RikDunkel,TallPaulShaw,1
RikDunkel,TinaEcht,2
RikDunkel,TonyNwangi,1
RikDunkel,USSMillicentKent,1
RoyTony,StokelyDarkstarMcNair,1
RoyTony,SusanTCheese,1
RuthvanCleve,WadeMcDade,1
SixtiesBob,WhiteySorkin,3
SleepyTPTimmyPeterson,ThierryPoutrincourt,1
SleepyTPTimmyPeterson,ToddPossalthwaite,1
SleepyTPTimmyPeterson,TrevorAxford,1
StokelyDarkstarMcNair,SusanTCheese,2
SusanTCheese,TinyEwell,1
TallPaulShaw,TedSchacht,1
TallPaulShaw,TinaEcht,1
TallPaulShaw,TrevorAxford,2
TallPaulShaw,USSMillicentKent,2
TedSchacht,ToddPossalthwaite,2
TedSchacht,TrevorAxford,1
ThierryPoutrincourt,ToddPossalthwaite,1
TinaEcht,TrevorAxford,2
TinaEcht,USSMillicentKent,1
TinyEwell,WadeMcDade,3
ToddPossalthwaite,TrevorAxford,1
TonyNwangi,TrevorAxford,2
TonyNwangi,USSMillicentKent,1
TonyNwangi,ZoltanCsikzentmihalyi,1
TrevorAxford,ZoltanCsikzentmihalyi,1
